"Reviewer","URL"
"Adel","https://doi.org/"
"Adel","https://doi.org/"
"Adel","https://doi.org/"
"Adel","https://doi.org/"
"Adel","https://doi.org/"
"Adel","https://doi.org/"
"Adel","https://doi.org/"
"Adel","https://doi.org/"
"Adel","https://doi.org/"
"Adel","https://doi.org/"
"Adel","https://doi.org/"
"Adel","https://doi.org/"
"Adel","https://doi.org/"
"Adel","https://doi.org/"
"Adel","https://doi.org/"
"Adel","https://doi.org/"
"Adel","https://doi.org/"
"Adel","https://doi.org/"
"Adel","https://doi.org/"
"Adel","https://doi.org/"
"Adel","https://doi.org/"
"Adel","https://doi.org/"
"Adel","https://doi.org/"
"Adel","https://doi.org/"
"Adel","https://doi.org/"
"Adel","https://doi.org/"
"Adel","https://doi.org/"
"Adel","https://doi.org/"
"Adel","https://doi.org/"
"Adel","https://doi.org/"
"Adel","https://doi.org/"
"Adel","https://doi.org/"
"Adel","https://doi.org/"
"Adel","https://doi.org/"
"Adel","https://doi.org/"
"Adel","https://doi.org/"
"Adel","https://doi.org/"
"Adel","https://doi.org/"
"Adel","https://doi.org/"
"Adel","https://doi.org/"
"Adel","https://doi.org/"
"Adel","https://doi.org/"
"Adel","https://doi.org/"
"Adel","https://doi.org/"
"Adel","https://doi.org/"
"Adel","https://doi.org/"
"Adel","https://doi.org/"
"Adel","https://doi.org/"
"Adel","https://doi.org/"
"Adel","https://doi.org/"
"Adel","https://doi.org/"
"Adel","https://doi.org/"
"Adel","https://doi.org/"
"Adel","https://doi.org/"
"Adel","https://doi.org/"
"Adel","https://doi.org/"
"Adel","https://doi.org/"
"Adel","https://doi.org/"
"Adel","https://doi.org/"
"Adel","https://doi.org/"
"David","https://doi.org/"
"David","https://doi.org/"
"David","https://doi.org/"
"David","https://doi.org/"
"David","https://doi.org/"
"David","https://doi.org/"
"David","https://doi.org/"
"David","https://doi.org/"
"David","https://doi.org/"
"David","https://doi.org/"
"David","https://doi.org/"
"David","https://doi.org/"
"David","https://doi.org/"
"David","https://doi.org/"
"David","https://doi.org/"
"David","https://doi.org/"
"David","https://doi.org/"
"David","https://doi.org/"
"David","https://doi.org/"
"David","https://doi.org/"
"David","https://doi.org/"
"David","https://doi.org/"
"David","https://doi.org/"
"David","https://doi.org/"
"David","https://doi.org/"
"David","https://doi.org/"
"David","https://doi.org/"
"David","https://doi.org/"
"David","https://doi.org/"
"David","https://doi.org/"
"David","https://doi.org/"
"David","https://doi.org/"
"David","https://doi.org/"
"David","https://doi.org/"
"David","https://doi.org/"
"David","https://doi.org/"
"David","https://doi.org/"
"David","https://doi.org/"
"David","https://doi.org/"
"David","https://doi.org/"
"David","https://doi.org/"
"David","https://doi.org/"
"David","https://doi.org/"
"David","https://doi.org/"
"David","https://doi.org/"
"David","https://doi.org/"
"David","https://doi.org/"
"David","https://doi.org/"
"David","https://doi.org/"
"David","https://doi.org/"
"David","https://doi.org/"
"David","https://doi.org/"
"David","https://doi.org/"
"David","https://doi.org/"
"David","https://doi.org/"
"David","https://doi.org/"
"David","https://doi.org/"
"David","https://doi.org/"
"David","https://doi.org/"
"David","https://doi.org/"
"Hadia","https://doi.org/"
"Hadia","https://doi.org/"
"Hadia","https://doi.org/"
"Hadia","https://doi.org/"
"Hadia","https://doi.org/"
"Hadia","https://doi.org/"
"Hadia","https://doi.org/"
"Hadia","https://doi.org/"
"Hadia","https://doi.org/"
"Hadia","https://doi.org/"
"Hadia","https://doi.org/"
"Hadia","https://doi.org/"
"Hadia","https://doi.org/"
"Hadia","https://doi.org/"
"Hadia","https://doi.org/"
"Hadia","https://doi.org/"
"Hadia","https://doi.org/"
"Hadia","https://doi.org/"
"Hadia","https://doi.org/"
"Hadia","https://doi.org/"
"Hadia","https://doi.org/"
"Hadia","https://doi.org/"
"Hadia","https://doi.org/"
"Hadia","https://doi.org/"
"Hadia","https://doi.org/"
"Hadia","https://doi.org/"
"Hadia","https://doi.org/"
"Hadia","https://doi.org/"
"Hadia","https://doi.org/"
"Hadia","https://doi.org/"
"Hadia","https://doi.org/"
"Hadia","https://doi.org/"
"Hadia","https://doi.org/"
"Hadia","https://doi.org/"
"Hadia","https://doi.org/"
"Hadia","https://doi.org/"
"Hadia","https://doi.org/"
"Hadia","https://doi.org/"
"Hadia","https://doi.org/"
"Hadia","https://doi.org/"
"Hadia","https://doi.org/"
"Hadia","https://doi.org/"
"Hadia","https://doi.org/"
"Hadia","https://doi.org/"
"Hadia","https://doi.org/"
"Hadia","https://doi.org/"
"Hadia","https://doi.org/"
"Hadia","https://doi.org/"
"Hadia","https://doi.org/"
"Hadia","https://doi.org/"
"Hadia","https://doi.org/"
"Hadia","https://doi.org/"
"Hadia","https://doi.org/"
"Hadia","https://doi.org/"
"Hadia","https://doi.org/"
"Hadia","https://doi.org/"
"Hadia","https://doi.org/"
"Hadia","https://doi.org/"
"Hadia","https://doi.org/"
"Hadia","https://doi.org/"
"Jim","https://doi.org/"
"Jim","https://doi.org/"
"Jim","https://doi.org/"
"Jim","https://doi.org/"
"Jim","https://doi.org/"
"Jim","https://doi.org/"
"Jim","https://doi.org/"
"Jim","https://doi.org/"
"Jim","https://doi.org/"
"Jim","https://doi.org/"
"Jim","https://doi.org/"
"Jim","https://doi.org/"
"Jim","https://doi.org/"
"Jim","https://doi.org/"
"Jim","https://doi.org/"
"Jim","https://doi.org/"
"Jim","https://doi.org/"
"Jim","https://doi.org/"
"Jim","https://doi.org/"
"Jim","https://doi.org/"
"Jim","https://doi.org/"
"Jim","https://doi.org/"
"Jim","https://doi.org/"
"Jim","https://doi.org/"
"Jim","https://doi.org/"
"Jim","https://doi.org/"
"Jim","https://doi.org/"
"Jim","https://doi.org/"
"Jim","https://doi.org/"
"Jim","https://doi.org/"
"Jim","https://doi.org/"
"Jim","https://doi.org/"
"Jim","https://doi.org/"
"Jim","https://doi.org/"
"Jim","https://doi.org/"
"Jim","https://doi.org/"
"Jim","https://doi.org/"
"Jim","https://doi.org/"
"Jim","https://doi.org/"
"Jim","https://doi.org/"
"Jim","https://doi.org/"
"Jim","https://doi.org/"
"Jim","https://doi.org/"
"Jim","https://doi.org/"
"Jim","https://doi.org/"
"Jim","https://doi.org/"
"Jim","https://doi.org/"
"Jim","https://doi.org/"
"Jim","https://doi.org/"
"Jim","https://doi.org/"
"Jim","https://doi.org/"
"Jim","https://doi.org/"
"Jim","https://doi.org/"
"Jim","https://doi.org/"
"Jim","https://doi.org/"
"Jim","https://doi.org/"
"Jim","https://doi.org/"
"Jim","https://doi.org/"
"Jim","https://doi.org/"
"Jim","https://doi.org/"
"Nour","https://doi.org/"
"Nour","https://doi.org/"
"Nour","https://doi.org/"
"Nour","https://doi.org/"
"Nour","https://doi.org/"
"Nour","https://doi.org/"
"Nour","https://doi.org/"
"Nour","https://doi.org/"
"Nour","https://doi.org/"
"Nour","https://doi.org/"
"Nour","https://doi.org/"
"Nour","https://doi.org/"
"Nour","https://doi.org/"
"Nour","https://doi.org/"
"Nour","https://doi.org/"
"Nour","https://doi.org/"
"Nour","https://doi.org/"
"Nour","https://doi.org/"
"Nour","https://doi.org/"
"Nour","https://doi.org/"
"Nour","https://doi.org/"
"Nour","https://doi.org/"
"Nour","https://doi.org/"
"Nour","https://doi.org/"
"Nour","https://doi.org/"
"Nour","https://doi.org/"
"Nour","https://doi.org/"
"Nour","https://doi.org/"
"Nour","https://doi.org/"
"Nour","https://doi.org/"
"Nour","https://doi.org/"
"Nour","https://doi.org/"
"Nour","https://doi.org/"
"Nour","https://doi.org/"
"Nour","https://doi.org/"
"Nour","https://doi.org/"
"Nour","https://doi.org/"
"Nour","https://doi.org/"
"Nour","https://doi.org/"
"Nour","https://doi.org/"
"Nour","https://doi.org/"
"Nour","https://doi.org/"
"Nour","https://doi.org/"
"Nour","https://doi.org/"
"Nour","https://doi.org/"
"Nour","https://doi.org/"
"Nour","https://doi.org/"
"Nour","https://doi.org/"
"Nour","https://doi.org/"
"Nour","https://doi.org/"
"Nour","https://doi.org/"
"Nour","https://doi.org/"
"Nour","https://doi.org/"
"Nour","https://doi.org/"
"Nour","https://doi.org/"
"Nour","https://doi.org/"
"Nour","https://doi.org/"
"Nour","https://doi.org/"
"Nour","https://doi.org/"
"Nour","https://doi.org/"
"Ryan","https://doi.org/"
"Ryan","https://doi.org/"
"Ryan","https://doi.org/"
"Ryan","https://doi.org/"
"Ryan","https://doi.org/"
"Ryan","https://doi.org/"
"Ryan","https://doi.org/"
"Ryan","https://doi.org/"
"Ryan","https://doi.org/"
"Ryan","https://doi.org/"
"Ryan","https://doi.org/"
"Ryan","https://doi.org/"
"Ryan","https://doi.org/"
"Ryan","https://doi.org/"
"Ryan","https://doi.org/"
"Ryan","https://doi.org/"
"Ryan","https://doi.org/"
"Ryan","https://doi.org/"
"Ryan","https://doi.org/"
"Ryan","https://doi.org/"
"Ryan","https://doi.org/"
"Ryan","https://doi.org/"
"Ryan","https://doi.org/"
"Ryan","https://doi.org/"
"Ryan","https://doi.org/"
"Ryan","https://doi.org/"
"Ryan","https://doi.org/"
"Ryan","https://doi.org/"
"Ryan","https://doi.org/"
"Ryan","https://doi.org/"
"Ryan","https://doi.org/"
"Ryan","https://doi.org/"
"Ryan","https://doi.org/"
"Ryan","https://doi.org/"
"Ryan","https://doi.org/"
"Ryan","https://doi.org/"
"Ryan","https://doi.org/"
"Ryan","https://doi.org/"
"Ryan","https://doi.org/"
"Ryan","https://doi.org/"
"Ryan","https://doi.org/"
"Ryan","https://doi.org/"
"Ryan","https://doi.org/"
"Ryan","https://doi.org/"
"Ryan","https://doi.org/"
"Ryan","https://doi.org/"
"Ryan","https://doi.org/"
"Ryan","https://doi.org/"
"Ryan","https://doi.org/"
"Ryan","https://doi.org/"
"Ryan","https://doi.org/"
"Ryan","https://doi.org/"
"Ryan","https://doi.org/"
"Ryan","https://doi.org/"
"Ryan","https://doi.org/"
"Ryan","https://doi.org/"
"Ryan","https://doi.org/"
"Ryan","https://doi.org/"
"Ryan","https://doi.org/"
"Ryan","https://doi.org/"
